Id	Lv	MinRarity	MaxRarity	MaxEnhance	Prefab	Name	Detail	Icon	Values	Values	Cost	Category	Spec	Effect	SkillTag	Range	EquipJob	EquipJob	CategoryDetailName	EffectType	MaxNum
	レベル			最大強化値					物理	精神	価格	種類				効果範囲（0:自分、１:単体、２:全体）	装備可能ジョブ	装備可能ジョブ	種別名	Slash	1
1	0	0	1	5	Buckler	ブロンズスケイル	皮鎧をベースとして青銅を鱗状に打ち付けた鎧。	Armor	5	1	10	ARMOR				0	1,2,4	5,6,7	防具/軽鎧	Slash	1
2	0	0	1	5		ブロンズチェイン	青銅の輪をつなぎ合わせた鎧。	Armor	6	1	12	ARMOR				0	1,2,4	5,6,7	防具/軽鎧	Slash	1
3	0	0	1	5		ブロンズアーマー	青銅の板で作られた板金鎧。	Armor	7	1	12	ARMOR				0	1,2,4		防具/重鎧	Slash	1
4	0	0	1	5		ブロンズフルプレート	青銅で全身を覆うように作られた板金鎧。	Armor	8	1	12	ARMOR				0	4		防具/重鎧	Slash	1
5	0	0	1	5		ブロンズナックル	青銅で作られた拳武器。極めて命中率が高い。	Weapon	3	1	9	WEAPON				0	1,2,4	5,6,7	防具/重鎧	Slash	1
6	0	0	1	5		ブロンズショートソード	青銅の小剣。小回りが利き、扱いやすい。	Weapon	4	1	10	WEAPON				0	1,2,4	5,7	武器/小剣	Slash	1
7	0	0	1	5	Knife	ブロンズダガー	青銅の短剣。扱いやすく装備できる職業が多い。	Weapon	3	1	9	WEAPON				0	1,2,3	4,5,7	武器/短剣	Slash	1
8	0	0	1	5		ブロンズスピア	青銅の槍。攻撃力と命中率のバランスの取れた武器。	Weapon	4	1	10	WEAPON				0	1,2,4		武器/槍	Slash	1
9	0	0	1	5		ブロンズアクス	重厚な青銅で作られた斧。扱いづらいが、その威力は絶大。	Weapon	6	1	12	WEAPON				0	1,2,4		武器/斧	Slash	1
10	0	0	1	5		ブロンズロングソード	青銅の剣。戦闘職に愛用される、威力の高い武器。	Weapon	5	1	10	WEAPON				0	1,2,4		武器/長剣	Slash	1
11	5	0	1	5		アイアンスケイル	皮鎧をベースとして鉄を鱗状に打ち付けた鎧。	Armor	13	1	160	ARMOR				0	1,2,4	5,6,7	防具/軽鎧	Slash	1
12	5	0	1	5		アイアンチェイン	鉄の輪をつなぎ合わせた鎧。	Armor	15	1	170	ARMOR				0	1,2,4	5,6,7	防具/軽鎧	Slash	1
13	5	0	1	5		アイアンアーマー	鉄の板で作られた板金鎧。	Armor	16	1	170	ARMOR				0	1,2,4		防具/重鎧	Slash	1
14	5	0	1	5		アイアンフルプレート	鉄で全身を覆うように作られた板金鎧。	Armor	18	1	180	ARMOR				0	4		防具/重鎧	Slash	1
15	5	0	1	5		アイアンナックル	鉄で作られた拳武器。極めて命中率が高い。	Weapon	7	1	140	WEAPON				0	1,2,4	5,6,7	防具/重鎧	Slash	1
16	5	0	1	5		アイアンショートソード	鉄の小剣。小回りが利き、扱いやすい。	Weapon	10	1	150	WEAPON				0	1,2,4	5,7	武器/小剣	Slash	1
17	5	0	1	5		アイアンダガー	鉄の短剣。扱いやすく装備できる職業が多い。	Weapon	8	1	150	WEAPON				0	1,2,4	4,5,7	武器/短剣	Slash	1
18	5	0	1	5		アイアンスピア	鉄の槍。攻撃力と命中率のバランスの取れた武器。	Weapon	11	1	150	WEAPON				0	1,2,4		武器/槍	Slash	1
19	5	0	1	5		アイアンアクス	重厚な鉄で作られた斧。扱いづらいが、その威力は絶大。	Weapon	16	1	170	WEAPON				0	1,2,4		武器/斧	Slash	1
20	5	0	1	5		アイアンロングソード	鉄の剣。戦闘職に愛用される、威力の高い武器。	Weapon	13	1	160	WEAPON				0	1,2,4		武器/長剣	Slash	1
21	10	0	1	5		スティールスケイル	皮鎧をベースとして鋼鉄を鱗状に打ち付けた鎧。	Armor	23	1	510	ARMOR				0	1,2,4	5,6,7	防具/軽鎧	Slash	1
22	10	0	1	5		スティールチェイン	鋼鉄の輪をつなぎ合わせた鎧。	Armor	26	1	530	ARMOR				0	1,2,4	5,6,7	防具/軽鎧	Slash	1
23	10	0	1	5		スティールアーマー	鋼鉄の板で作られた板金鎧。	Armor	28	1	540	ARMOR				0	1,2,4		防具/重鎧	Slash	1
24	10	0	1	5		スティールフルプレート	鋼鉄で全身を覆うように作られた板金鎧。	Armor	31	1	550	ARMOR				0	4		防具/重鎧	Slash	1
25	10	0	1	5		スティールナックル	鋼鉄で作られた拳武器。極めて命中率が高い。	Weapon	12	1	460	WEAPON				0	1,2,4	5,6,7	防具/重鎧	Slash	1
26	10	0	1	5		スティールショートソード	鋼鉄の小剣。小回りが利き、扱いやすい。	Weapon	17	1	480	WEAPON				0	1,2,4	5,7	武器/小剣	Slash	1
27	10	0	1	5		スティールダガー	鋼鉄の短剣。扱いやすく装備できる職業が多い。	Weapon	14	1	470	WEAPON				0	1,2,4	4,5,7	武器/短剣	Slash	1
28	10	0	1	5		スティールスピア	鋼鉄の槍。攻撃力と命中率のバランスの取れた武器。	Weapon	19	1	490	WEAPON				0	1,2,4		武器/槍	Slash	1
29	10	0	1	5		スティールアクス	重厚な鋼鉄で作られた斧。扱いづらいが、その威力は絶大。	Weapon	28	1	540	WEAPON				0	1,2,4		武器/斧	Slash	1
30	10	0	1	5		スティールロングソード	鋼鉄の剣。戦闘職に愛用される、威力の高い武器。	Weapon	23	1	510	WEAPON				0	1,2,4		武器/長剣	Slash	1
31	16	0	1	5		クリスタルスケイル	皮鎧をベースとして水晶を鱗状に打ち付けた鎧。	Armor	40	1	1360	ARMOR				0	1,2,4	5,6,7	防具/軽鎧	Slash	1
32	16	0	1	5		クリスタルチェイン	水晶の輪をつなぎ合わせた鎧。	Armor	44	1	1400	ARMOR				0	1,2,4	5,6,7	防具/軽鎧	Slash	1
33	16	0	1	5		クリスタルアーマー	水晶の板で作られた板金鎧。	Armor	46	1	1420	ARMOR				0	1,2,4		防具/重鎧	Slash	1
34	16	0	1	5		クリスタルフルプレート	水晶で全身を覆うように作られた板金鎧。	Armor	49	1	1450	ARMOR				0	4		防具/重鎧	Slash	1
35	16	0	1	5		クリスタルナックル	水晶で作られた拳武器。極めて命中率が高い。	Weapon	20	1	1190	WEAPON				0	1,2,4	5,6,7	防具/重鎧	Slash	1
36	16	0	1	5		クリスタルショートソード	水晶の小剣。小回りが利き、扱いやすい。	Weapon	28	1	1260	WEAPON				0	1,2,4	5,7	武器/小剣	Slash	1
37	16	0	1	5		クリスタルダガー	水晶の短剣。扱いやすく装備できる職業が多い。	Weapon	24	1	1230	WEAPON				0	1,2,4	4,5,7	武器/短剣	Slash	1
38	16	0	1	5		クリスタルスピア	水晶の槍。攻撃力と命中率のバランスの取れた武器。	Weapon	32	1	1300	WEAPON				0	1,2,4		武器/槍	Slash	1
39	16	0	1	5		クリスタルアクス	重厚な水晶で作られた斧。扱いづらいが、その威力は絶大。	Weapon	48	1	1430	WEAPON				0	1,2,4		武器/斧	Slash	1
40	16	0	1	5		クリスタルロングソード	水晶の剣。戦闘職に愛用される、威力の高い武器。	Weapon	40	1	1360	WEAPON				0	1,2,4		武器/長剣	Slash	1
41	20	0	1	5		ミスリルスケイル	皮鎧をベースとしてミスリル銀を鱗状に打ち付けた鎧。	Armor	54	1	2270	ARMOR				0	1,2,4	5,6,7	防具/軽鎧	Slash	1
42	20	0	1	5		ミスリルチェイン	ミスリル銀の輪をつなぎ合わせた鎧。	Armor	60	1	2340	ARMOR				0	1,2,4	5,6,7	防具/軽鎧	Slash	1
43	20	0	1	5		ミスリルアーマー	ミスリル銀の板で作られた板金鎧。	Armor	63	1	2380	ARMOR				0	1,2,4		防具/重鎧	Slash	1
44	20	0	1	5		ミスリルフルプレート	ミスリル銀で全身を覆うように作られた板金鎧。	Armor	68	1	2420	ARMOR				0	4		防具/重鎧	Slash	1
45	20	0	1	5		ミスリルナックル	ミスリル銀で作られた拳武器。極めて命中率が高い。	Weapon	27	1	2000	WEAPON				0	1,2,4	5,6,7	防具/重鎧	Slash	1
46	20	0	1	5		ミスリルショートソード	ミスリル銀の小剣。小回りが利き、扱いやすい。	Weapon	38	1	2100	WEAPON				0	1,2,4	5,7	武器/小剣	Slash	1
47	20	0	1	5		ミスリルダガー	ミスリル銀の短剣。扱いやすく装備できる職業が多い。	Weapon	33	1	2060	WEAPON				0	1,2,4	4,5,7	武器/短剣	Slash	1
48	20	0	1	5		ミスリルスピア	ミスリル銀の槍。攻撃力と命中率のバランスの取れた武器。	Weapon	44	1	2170	WEAPON				0	1,2,4		武器/槍	Slash	1
49	20	0	1	5		ミスリルアクス	重厚なミスリル銀で作られた斧。扱いづらいが、その威力は絶大。	Weapon	65	1	2400	WEAPON				0	1,2,4		武器/斧	Slash	1
50	20	0	1	5		ミスリルロングソード	ミスリル銀の剣。戦闘職に愛用される、威力の高い武器。	Weapon	54	1	2270	WEAPON				0	1,2,4		武器/長剣	Slash	1
51	24	0	1	5		サファイアスケイル	皮鎧をベースとしてサファイアを鱗状に打ち付けた鎧。	Armor	71	1	3550	ARMOR				0	1,2,4	5,6,7	防具/軽鎧	Slash	1
52	24	0	1	5		サファイアチェイン	サファイアの輪をつなぎ合わせた鎧。	Armor	79	1	3650	ARMOR				0	1,2,4	5,6,7	防具/軽鎧	Slash	1
53	24	0	1	5		サファイアアーマー	サファイアで作られた板金鎧。	Armor	83	1	3700	ARMOR				0	1,2,4		防具/重鎧	Slash	1
54	24	0	1	5		サファイアフルプレート	サファイアで全身を覆うように作られた板金鎧。	Armor	89	1	3780	ARMOR				0	4		防具/重鎧	Slash	1
55	24	0	1	5		サファイアナックル	サファイアで作られた拳武器。極めて命中率が高い。	Weapon	36	1	3130	WEAPON				0	1,2,4	5,6,7	防具/重鎧	Slash	1
56	24	0	1	5		サファイアショートソード	サファイアの小剣。小回りが利き、扱いやすい。	Weapon	50	1	3300	WEAPON				0	1,2,4	5,7	武器/小剣	Slash	1
57	24	0	1	5		サファイアダガー	サファイアの短剣。扱いやすく装備できる職業が多い。	Weapon	43	1	3200	WEAPON				0	1,2,4	4,5,7	武器/短剣	Slash	1
58	24	0	1	5		サファイアスピア	サファイアの槍。攻撃力と命中率のバランスの取れた武器。	Weapon	57	1	3380	WEAPON				0	1,2,4		武器/槍	Slash	1
59	24	0	1	5		サファイアアクス	重厚なサファイアで作られた斧。扱いづらいが、その威力は絶大。	Weapon	86	1	3750	WEAPON				0	1,2,4		武器/斧	Slash	1
60	24	0	1	5		サファイアロングソード	サファイアの剣。戦闘職に愛用される、威力の高い武器。	Weapon	71	1	3550	WEAPON				0	1,2,4		武器/長剣	Slash	1
61	27	0	1	5		アダマントスケイル	皮鎧をベースとしてアダマント黒鉄を鱗状に打ち付けた鎧。	Armor	87	1	4880	ARMOR				0	1,2,4	5,6,7	防具/軽鎧	Slash	1
62	27	0	1	5		アダマントチェイン	アダマント黒鉄の輪をつなぎ合わせた鎧。	Armor	96	1	5020	ARMOR				0	1,2,4	5,6,7	防具/軽鎧	Slash	1
63	27	0	1	5		アダマントアーマー	アダマント黒鉄の板で作られた板金鎧。	Armor	101	1	5070	ARMOR				0	1,2,4		防具/重鎧	Slash	1
64	27	0	1	5		アダマントフルプレート	アダマント黒鉄で全身を覆うように作られた板金鎧。	Armor	108	1	5180	ARMOR				0	4		防具/重鎧	Slash	1
65	27	0	1	5		アダマントナックル	アダマント黒鉄で作られた拳武器。極めて命中率が高い。	Weapon	44	1	4290	WEAPON				0	1,2,4	5,6,7	防具/重鎧	Slash	1
66	27	0	1	5		アダマントショートソード	アダマント黒鉄の小剣。小回りが利き、扱いやすい。	Weapon	61	1	4510	WEAPON				0	1,2,4	5,7	武器/小剣	Slash	1
67	27	0	1	5		アダマントダガー	アダマント黒鉄の短剣。扱いやすく装備できる職業が多い。	Weapon	53	1	4400	WEAPON				0	1,2,4	4,5,7	武器/短剣	Slash	1
68	27	0	1	5		アダマントスピア	アダマント黒鉄の槍。攻撃力と命中率のバランスの取れた武器。	Weapon	70	1	4650	WEAPON				0	1,2,4		武器/槍	Slash	1
69	27	0	1	5		アダマントアクス	重厚なアダマント黒鉄で作られた斧。扱いづらいが、その威力は絶大。	Weapon	105	1	5130	WEAPON				0	1,2,4		武器/斧	Slash	1
70	27	0	1	5		アダマントロングソード	アダマント黒鉄の剣。戦闘職に愛用される、威力の高い武器。	Weapon	87	1	4880	WEAPON				0	1,2,4		武器/長剣	Slash	1
71	30	0	1	5		ダイアモンドスケイル	皮鎧をベースとしてダイアモンドを鱗状に打ち付けた鎧。一般的にダイヤは衝撃には弱いとされるため、取り扱いには技術が必要。	Armor	104	1	6450	ARMOR				0	1,2,4	5,6,7	防具/軽鎧	Slash	1
72	30	0	1	5		ダイアモンドチェイン	ダイアモンドの輪をつなぎ合わせた鎧。一般的にダイヤは衝撃には弱いとされるため、取り扱いには技術が必要。	Armor	115	1	6640	ARMOR				0	1,2,4	5,6,7	防具/軽鎧	Slash	1
73	30	0	1	5		ダイアモンドアーマー	ダイアモンドの板で作られた板金鎧。一般的にダイヤは衝撃には弱いとされるため、取り扱いには技術が必要。	Armor	121	1	6730	ARMOR				0	1,2,4		防具/重鎧	Slash	1
74	30	0	1	5		ダイアモンドフルプレート	ダイアモンドで全身を覆うように作られた板金鎧。一般的にダイヤは衝撃には弱いとされるため、取り扱いには技術が必要。	Armor	130	1	6860	ARMOR				0	4		防具/重鎧	Slash	1
75	30	0	1	5		ダイアモンドナックル	ダイアモンドで作られた拳武器。極めて命中率が高い。一般的にダイヤは衝撃には弱いとされるため、取り扱いには技術が必要。	Weapon	52	1	5650	WEAPON				0	1,2,4	5,6,7	防具/重鎧	Slash	1
76	30	0	1	5		ダイアモンドショートソード	ダイアモンドの小剣。小回りが利き、扱いやすい。一般的にダイヤは衝撃には弱いとされるため、取り扱いには技術が必要。	Weapon	73	1	5990	WEAPON				0	1,2,4	5,7	武器/小剣	Slash	1
77	30	0	1	5		ダイアモンドダガー	ダイアモンドの短剣。扱いやすく装備できる職業が多い。一般的にダイヤは衝撃には弱いとされるため、取り扱いには技術が必要。	Weapon	63	1	5830	WEAPON				0	1,2,4	4,5,7	武器/短剣	Slash	1
78	30	0	1	5		ダイアモンドスピア	ダイアモンドの槍。攻撃力と命中率のバランスの取れた武器。一般的にダイヤは衝撃には弱いとされるため、取り扱いには技術が必要。	Weapon	84	1	6140	WEAPON				0	1,2,4		武器/槍	Slash	1
79	30	0	1	5		ダイアモンドアクス	重厚なダイアモンドで作られた斧。扱いづらいが、その威力は絶大。一般的にダイヤは衝撃には弱いとされるため、取り扱いには技術が必要。	Weapon	125	1	6790	WEAPON				0	1,2,4		武器/斧	Slash	1
80	30	0	1	5		ダイアモンドロングソード	ダイアモンドの剣。戦闘職に愛用される、威力の高い武器。一般的にダイヤは衝撃には弱いとされるため、取り扱いには技術が必要。	Weapon	104	1	6450	WEAPON				0	1,2,4		武器/長剣	Slash	1
81	33	0	1	5		ドラゴンスケイル	鋼の武器などものともしない、龍の鱗の鎧。	Armor	125	1	8500	ARMOR				0	1,2,4	5,6,7	防具/軽鎧	Slash	1
82	33	0	1	5		ドラゴンチェイン	鋼の武器などものともしない、龍の鬣の輪をつなぎ合わせた鎧。	Armor	138	1	8740	ARMOR				0	1,2,4	5,6,7	防具/軽鎧	Slash	1
83	33	0	1	5		ドラゴンアーマー	鋼の武器などものともしない、龍の骨の板金鎧。	Armor	145	1	8840	ARMOR				0	1,2,4		防具/重鎧	Slash	1
84	33	0	1	5		ドラゴンフルプレート	鋼の武器などものともしない、龍の骨の全身鎧。	Armor	155	1	9010	ARMOR				0	4		防具/重鎧	Slash	1
85	33	0	1	5		ドラゴンナックル	鋼さえ易々と砕く、龍の骨で作られた拳武器。極めて命中率が高い。	Weapon	63	1	7450	WEAPON				0	1,2,4	5,6,7	防具/重鎧	Slash	1
86	33	0	1	5		ドラゴンショートソード	鋼さえ易々と切り裂く、龍の骨の小剣。小回りが利き、扱いやすい。	Weapon	88	1	7890	WEAPON				0	1,2,4	5,7	武器/小剣	Slash	1
87	33	0	1	5		ドラゴンダガー	鋼さえ易々と穿つ、龍の骨の短剣。扱いやすく装備できる職業が多い。	Weapon	75	1	7650	WEAPON				0	1,2,4	4,5,7	武器/短剣	Slash	1
88	33	0	1	5		ドラゴンスピア	鋼さえ易々と貫く、龍の骨の槍。攻撃力と命中率のバランスの取れた武器。	Weapon	100	1	8100	WEAPON				0	1,2,4		武器/槍	Slash	1
89	33	0	1	5		ドラゴンアクス	鋼さえ易々と斬り砕く、重厚な龍の骨で作られた斧。扱いづらいが、その威力は絶大。	Weapon	150	1	8950	WEAPON				0	1,2,4		武器/斧	Slash	1
90	33	0	1	5		ドラゴンロングソード	鋼さえ易々と切り裂く、龍の骨の剣。戦闘職に愛用される、威力の高い武器。	Weapon	125	1	8500	WEAPON				0	1,2,4		武器/長剣	Slash	1
91	36	0	1	5		オリハルコンスケイル	世界最硬の金属、皮鎧をベースとしてオリハルコンを鱗状に打ち付けた鎧。	Armor	148	1	10960	ARMOR				0	1,2,4	5,6,7	防具/軽鎧	Slash	1
92	36	0	1	5		オリハルコンチェイン	世界最硬の金属、オリハルコンの輪をつなぎ合わせた鎧。	Armor	163	1	11250	ARMOR				0	1,2,4	5,6,7	防具/軽鎧	Slash	1
93	36	0	1	5		オリハルコンアーマー	世界最硬の金属、オリハルコンの板で作られた板金鎧。	Armor	171	1	11400	ARMOR				0	1,2,4		防具/重鎧	Slash	1
94	36	0	1	5		オリハルコンフルプレート	世界最硬の金属、オリハルコンで全身を覆うように作られた板金鎧。	Armor	183	1	11620	ARMOR				0	4		防具/重鎧	Slash	1
95	36	0	1	5		オリハルコンナックル	世界最硬の金属、オリハルコンで作られた拳武器。極めて命中率が高い。	Weapon	74	1	9590	WEAPON				0	1,2,4	5,6,7	防具/重鎧	Slash	1
96	36	0	1	5		オリハルコンショートソード	世界最硬の金属、オリハルコンの小剣。小回りが利き、扱いやすい。	Weapon	104	1	10140	WEAPON				0	1,2,4	5,7	武器/小剣	Slash	1
97	36	0	1	5		オリハルコンダガー	世界最硬の金属、オリハルコンの短剣。扱いやすく装備できる職業が多い。	Weapon	89	1	9880	WEAPON				0	1,2,4	4,5,7	武器/短剣	Slash	1
98	36	0	1	5		オリハルコンスピア	世界最硬の金属、オリハルコンの槍。攻撃力と命中率のバランスの取れた武器。	Weapon	119	1	10440	WEAPON				0	1,2,4		武器/槍	Slash	1
99	36	0	1	5		オリハルコンアクス	世界最硬の金属、重厚なオリハルコンで作られた斧。扱いづらいが、その威力は絶大。	Weapon	178	1	11510	WEAPON				0	1,2,4		武器/斧	Slash	1
100	36	0	1	5		オリハルコンロングソード	世界最硬の金属、オリハルコンの剣。戦闘職に愛用される、威力の高い武器。	Weapon	148	1	10960	WEAPON				0	1,2,4		武器/長剣	Slash	1
101	40	0	1	5		スタースケイル	詳細・由来不明。皮鎧をベースとして異世界の隕鉄を鱗状に打ち付けた鎧。この世の常識に縛られない防御力を持つ。	Armor	186	1	15260	ARMOR				0	1,2,4	5,6,7	防具/軽鎧	Slash	1
102	40	0	1	5		スターチェイン	詳細・由来不明。異世界の隕鉄の輪をつなぎ合わせた鎧。この世の常識に縛られない防御力を持つ。	Armor	205	1	15670	ARMOR				0	1,2,4	5,6,7	防具/軽鎧	Slash	1
103	40	0	1	5		スターアーマー	詳細・由来不明。異世界の隕鉄の板で作られた板金鎧。この世の常識に縛られない防御力を持つ。	Armor	215	1	15870	ARMOR				0	1,2,4		防具/重鎧	Slash	1
104	40	0	1	5		スターフルプレート	詳細・由来不明。異世界の隕鉄で全身を覆うように作られた板金鎧。この世の常識に縛られない防御力を持つ。	Armor	230	1	16160	ARMOR				0	4		防具/重鎧	Slash	1
105	40	0	1	5		スターナックル	詳細・由来不明。異世界の隕鉄で作られた拳武器。極めて命中率が高い。この世の常識を超えた力を発揮する。	Weapon	93	1	13370	WEAPON				0	1,2,4	5,6,7	防具/重鎧	Slash	1
106	40	0	1	5		スターショートソード	詳細・由来不明。異世界の隕鉄の小剣。小回りが利き、扱いやすい。この世の常識を超えた力を発揮する。	Weapon	131	1	14150	WEAPON				0	1,2,4	5,7	武器/小剣	Slash	1
107	40	0	1	5		スターダガー	詳細・由来不明。異世界の隕鉄の短剣。扱いやすく装備できる職業が多い。この世の常識を超えた力を発揮する。	Weapon	112	1	13740	WEAPON				0	1,2,4	4,5,7	武器/短剣	Slash	1
108	40	0	1	5		スタースピア	詳細・由来不明。異世界の隕鉄の槍。攻撃力と命中率のバランスの取れた武器。この世の常識を超えた力を発揮する。	Weapon	149	1	14520	WEAPON				0	1,2,4		武器/槍	Slash	1
109	40	0	1	5		スターアクス	詳細・由来不明。重厚な異世界の隕鉄で作られた斧。扱いづらいが、その威力は絶大。この世の常識を超えた力を発揮する。	Weapon	224	1	16040	WEAPON				0	1,2,4		武器/斧	Slash	1
110	40	0	1	5		スターロングソード	詳細・由来不明。異世界の隕鉄の剣。戦闘職に愛用される、威力の高い武器。この世の常識を超えた力を発揮する。	Weapon	186	1	15260	WEAPON				0	1,2,4		武器/長剣	Slash	1
111	0	0	1	5		クロースジャケット	布の上着。	Armor	4	1	10	ARMOR				0	0		防具/服	Slash	1
112	0	0	1	5		クロースクローク	布の外套。	Armor	3	1	9	ARMOR				0	3		防具/魔道着	Slash	1
113	5	0	1	5		レザージャケット	皮の上着。	Armor	9	1	140	ARMOR				0	0		防具/服	Slash	1
114	5	0	1	5		レザークローク	皮の外套。	Armor	6	1	130	ARMOR				0	3		防具/魔道着	Slash	1
115	10	0	1	5		コンポジットジャケット	複数の獣の皮を組み合わせて強化した、合成皮で作られた上着。	Armor	15	1	420	ARMOR				0	0		防具/服	Slash	1
116	10	0	1	5		コンポジットクローク	複数の獣の皮を組み合わせて強化した、合成皮で作られた外套。魔法攻撃にわずかに強い。	Armor	10	1	390	ARMOR				0	3		防具/魔道着	Slash	1
117	16	0	1	5		リザードジャケット	ワイバーンやサーペントなど亜竜種の皮で作られた上着。	Armor	24	1	1060	ARMOR				0	0		防具/服	Slash	1
118	16	0	1	5		リザードクローク	ワイバーンやサーペントなど亜竜種の皮で作られた外套。魔法攻撃にわずかに強い。	Armor	16	1	990	ARMOR				0	3		防具/魔道着	Slash	1
119	20	0	1	5		スパイダージャケット	巨大蜘蛛の糸で作られた上着。	Armor	33	1	1770	ARMOR				0	0		防具/服	Slash	1
120	20	0	1	5		スパイダークローク	巨大蜘蛛の糸で作られた外套。魔法攻撃に少し強い。	Armor	22	1	1660	ARMOR				0	3		防具/魔道着	Slash	1
121	24	0	1	5		エルブンジャケット	エルフ秘伝の製法で編まれた上着。	Armor	42	1	2730	ARMOR				0	0		防具/服	Slash	1
122	24	0	1	5		エルブンクローク	エルフ秘伝の製法で編まれた外套。魔法攻撃に強い。	Armor	28	1	2550	ARMOR				0	3		防具/魔道着	Slash	1
123	27	0	1	5		ビーストジャケット	魔獣の皮で作られた上着。	Armor	52	1	3760	ARMOR				0	0		防具/服	Slash	1
124	27	0	1	5		ビーストクローク	魔獣の皮で作られた外套。魔法攻撃に強い。	Armor	35	1	3500	ARMOR				0	3		防具/魔道着	Slash	1
125	30	0	1	5		フェアリージャケット	妖精の秘法によって編まれた上着。	Armor	63	1	5030	ARMOR				0	0		防具/服	Slash	1
126	30	0	1	5		フェアリークローク	妖精の秘法によって編まれた外套。魔法攻撃に極めて強い。	Armor	42	1	4690	ARMOR				0	3		防具/魔道着	Slash	1
127	33	0	1	5		ドライダージャケット	ダークエルフに神として崇められる、蜘蛛の女王の糸で作られた上着。	Armor	75	1	6570	ARMOR				0	0		防具/服	Slash	1
128	33	0	1	5		ドライダークローク	ダークエルフに神として崇められる、蜘蛛の女王の糸で作られた外套。魔法攻撃に極めて強い。	Armor	50	1	6120	ARMOR				0	3		防具/魔道着	Slash	1
129	36	0	1	5		バグワームジャケット	地の奥底で眠ると伝えられる、巨大な蓑虫の糸で作られた上着。	Armor	88	1	8400	ARMOR				0	0		防具/服	Slash	1
130	36	0	1	5		バグワームクローク	地の奥底で眠ると伝えられる、巨大な蓑虫の糸で作られた外套。魔法攻撃に絶対的に強い。	Armor	59	1	7850	ARMOR				0	3		防具/魔道着	Slash	1
131	40	0	1	5		ゴッドクロースジャケット	神々が着用すると伝えられる上着。	Armor	111	1	11730	ARMOR				0	0		防具/服	Slash	1
132	40	0	1	5		ゴッドクロースクローク	神々が着用すると伝えられる外套。人知を超えた魔法耐性を持つ。	Armor	74	1	10950	ARMOR				0	3		防具/魔道着	Slash	1
133	0	0	1	5		オークワンド	楢や樫などで作られた短杖。	Weapon	2	1	8	WEAPON				0	3,6		武器/短杖	Slash	1
134	0	0	1	5		オークスタッフ	楢や樫などで作られた杖。檜の棒とは違うのだよ、檜とは。	Weapon	3	1	9	WEAPON				0	3,6		武器/杖	Slash	1
135	0	0	1	5		オーククラブ	楢や樫などで作られた棍棒。	Weapon	4	1	8	WEAPON				0	1,2,4		武器/棍棒	Slash	1
136	0	0	1	5		オークヘビークロスボウ	楢や樫などで作られた重弩。	Weapon	6	1	9	WEAPON				1	1,2,4	5,7	武器/重弩	Slash	1
137	0	0	1	5		オーククロスボウ	楢や樫などで作られた弩。	Weapon	5	1	9	WEAPON				1	1,2,4	5,7	武器/弩	Slash	1
138	0	0	1	5		オークショートボウ	楢や樫などで作られた短弓。	Weapon	3	1	8	WEAPON				1	1,2,4	5,7	武器/短弓	Slash	1
139	0	0	1	5		オークロングボウ	楢や樫などで作られた長弓。長弓といっても洞窟で使うこともあるので一般的な長弓よりは短い。	Weapon	4	1	8	WEAPON				1	1,2,4	5,7	武器/長弓	Slash	1
140	5	0	1	5		ウリンワンド	ウリン木材で作られた短杖。	Weapon	3	1	120	WEAPON				0	3,6		武器/短杖	Slash	1
141	5	0	1	5		ウリンスタッフ	ウリン木材で作られた杖。	Weapon	7	1	130	WEAPON				0	3,6		武器/杖	Slash	1
142	5	0	1	5		ウリンクラブ	ウリン木材で作られた棍棒。	Weapon	10	1	120	WEAPON				0	1,2,4		武器/棍棒	Slash	1
143	5	0	1	5		ウリンヘビークロスボウ	ウリン木材で作られた重弩。弓に使うには強度が強すぎるため、加工には熟練の技が必要。	Weapon	14	1	140	WEAPON				1	1,2,4	5,7	武器/重弩	Slash	1
144	5	0	1	5		ウリンクロスボウ	ウリン木材で作られた弩。弓に使うには強度が強すぎるため、加工には熟練の技が必要。	Weapon	12	1	130	WEAPON				1	1,2,4	5,7	武器/弩	Slash	1
145	5	0	1	5	HandGun	ウリンショートボウ	ウリン木材で作られた短弓。弓に使うには強度が強すぎるため、加工には熟練の技が必要。	Weapon	7	1	120	WEAPON				1	1,2,4	5,7	武器/短弓	Slash	1
146	5	0	1	5		ウリンロングボウ	ウリン木材で作られた長弓。弓に使うには強度が強すぎるため、加工には熟練の技が必要。	Weapon	10	1	120	WEAPON				1	1,2,4	5,7	武器/長弓	Slash	1
147	10	0	1	5		エボニーワンド	黒檀で作られた短杖。	Weapon	5	1	360	WEAPON				0	3,6		武器/短杖	Slash	1
148	10	0	1	5		エボニースタッフ	黒檀で作られた杖。	Weapon	12	1	390	WEAPON				0	3,6		武器/杖	Slash	1
149	10	0	1	5		エボニークラブ	黒檀で作られた棍棒。	Weapon	17	1	380	WEAPON				0	1,2,4		武器/棍棒	Slash	1
150	10	0	1	5		エボニーヘビークロスボウ	黒檀で作られた重弩。鉄のように硬いため、弾力性を得るために職人が魔術師と協力して加工する。	Weapon	24	1	420	WEAPON				1	1,2,4	5,7	武器/重弩	Slash	1
151	10	0	1	5		エボニークロスボウ	黒檀で作られた弩。鉄のように硬いため、弾力性を得るために職人が魔術師と協力して加工する。	Weapon	21	1	400	WEAPON				1	1,2,4	5,7	武器/弩	Slash	1
152	10	0	1	5		エボニーショートボウ	黒檀で作られた短弓。鉄のように硬いため、弾力性を得るために職人が魔術師と協力して加工する。	Weapon	12	1	360	WEAPON				1	1,2,4	5,7	武器/短弓	Slash	1
153	10	0	1	5		エボニーロングボウ	黒檀で作られた長弓。鉄のように硬いため、弾力性を得るために職人が魔術師と協力して加工する。	Weapon	17	1	380	WEAPON				1	1,2,4	5,7	武器/長弓	Slash	1
154	16	0	1	5		マンイーターワンド	食人木で作られた短杖。食人木は夜な夜な人を襲って食べると言われているが真偽は不明。	Weapon	9	1	920	WEAPON				0	3,6		武器/短杖	Slash	1
155	16	0	1	5		マンイータースタッフ	食人木で作られた杖。食人木は夜な夜な人を襲って食べると言われているが真偽は不明。	Weapon	20	1	1010	WEAPON				0	3,6		武器/杖	Slash	1
156	16	0	1	5		マンイータークラブ	食人木で作られた棍棒。食人木は夜な夜な人を襲って食べると言われているが真偽は不明。	Weapon	28	1	960	WEAPON				0	1,2,4		武器/棍棒	Slash	1
157	16	0	1	5		マンイーターヘビークロスボウ	食人木で作られた重弩。食人木は夜な夜な人を襲って食べると言われているが真偽は不明。	Weapon	40	1	1060	WEAPON				1	1,2,4	5,7	武器/重弩	Slash	1
158	16	0	1	5		マンイータークロスボウ	食人木で作られた弩。食人木は夜な夜な人を襲って食べると言われているが真偽は不明。	Weapon	34	1	1010	WEAPON				1	1,2,4	5,7	武器/弩	Slash	1
159	16	0	1	5		マンイーターショートボウ	食人木で作られた短弓。食人木は夜な夜な人を襲って食べると言われているが真偽は不明。	Weapon	20	1	890	WEAPON				1	1,2,4	5,7	武器/短弓	Slash	1
160	16	0	1	5		マンイーターロングボウ	食人木で作られた長弓。食人木は夜な夜な人を襲って食べると言われているが真偽は不明。	Weapon	28	1	960	WEAPON				1	1,2,4	5,7	武器/長弓	Slash	1
161	20	0	1	5		ドライアドワンド	木の精ドライアドの宿った霊木から作られた短杖。	Weapon	12	1	1540	WEAPON				0	3,6		武器/短杖	Slash	1
162	20	0	1	5		ドライアドスタッフ	木の精ドライアドの宿った霊木から作られた杖。	Weapon	27	1	1680	WEAPON				0	3,6		武器/杖	Slash	1
163	20	0	1	5		ドライアドクラブ	木の精ドライアドの宿った霊木から作られた棍棒。	Weapon	38	1	1600	WEAPON				0	1,2,4		武器/棍棒	Slash	1
164	20	0	1	5		ドライアドヘビークロスボウ	木の精ドライアドの宿った霊木から作られた重弩。	Weapon	54	1	1770	WEAPON				1	1,2,4	5,7	武器/重弩	Slash	1
165	20	0	1	5		ドライアドクロスボウ	木の精ドライアドの宿った霊木から作られた弩。	Weapon	46	1	1680	WEAPON				1	1,2,4	5,7	武器/弩	Slash	1
166	20	0	1	5		ドライアドショートボウ	木の精ドライアドの宿った霊木から作られた短弓。	Weapon	27	1	1500	WEAPON				1	1,2,4	5,7	武器/短弓	Slash	1
167	20	0	1	5		ドライアドロングボウ	木の精ドライアドの宿った霊木から作られた長弓。	Weapon	38	1	1600	WEAPON				1	1,2,4	5,7	武器/長弓	Slash	1
168	24	0	1	5		ロートスワンド	神の娘ロティスが変じたと伝えらえる、ロートスの木から作られた短杖。	Weapon	15	1	2380	WEAPON				0	3,6		武器/短杖	Slash	1
169	24	0	1	5		ロートススタッフ	神の娘ロティスが変じたと伝えらえる、ロートスの木から作られた杖。	Weapon	35	1	2630	WEAPON				0	3,6		武器/杖	Slash	1
170	24	0	1	5		ロートスクラブ	神の娘ロティスが変じたと伝えらえる、ロートスの木から作られた棍棒。	Weapon	50	1	2500	WEAPON				0	1,2,4		武器/棍棒	Slash	1
171	24	0	1	5		ロートスヘビークロスボウ	神の娘ロティスが変じたと伝えらえる、ロートスの木から作られた重弩。	Weapon	70	1	2750	WEAPON				1	1,2,4	5,7	武器/重弩	Slash	1
172	24	0	1	5		ロートスクロスボウ	神の娘ロティスが変じたと伝えらえる、ロートスの木から作られた弩。	Weapon	60	1	2630	WEAPON				1	1,2,4	5,7	武器/弩	Slash	1
173	24	0	1	5		ロートスショートボウ	神の娘ロティスが変じたと伝えらえる、ロートスの木から作られた短弓。	Weapon	35	1	2330	WEAPON				1	1,2,4	5,7	武器/短弓	Slash	1
174	24	0	1	5		ロートスロングボウ	神の娘ロティスが変じたと伝えらえる、ロートスの木から作られた長弓。	Weapon	50	1	2500	WEAPON				1	1,2,4	5,7	武器/長弓	Slash	1
175	27	0	1	5		エンシェントワンド	森のぬし、巨木トレントの一部から作られた短杖。	Weapon	18	1	3220	WEAPON				0	3,6		武器/短杖	Slash	1
176	27	0	1	5		エンシェントスタッフ	森のぬし、巨木トレントの一部から作られた杖。	Weapon	43	1	3590	WEAPON				0	3,6		武器/杖	Slash	1
177	27	0	1	5		エンシェントクラブ	森のぬし、巨木トレントの一部から作られた棍棒。	Weapon	61	1	3420	WEAPON				0	1,2,4		武器/棍棒	Slash	1
178	27	0	1	5		エンシェントヘビークロスボウ	森のぬし、巨木トレントの一部から作られた重弩。	Weapon	86	1	3780	WEAPON				1	1,2,4	5,7	武器/重弩	Slash	1
179	27	0	1	5		エンシェントクロスボウ	森のぬし、巨木トレントの一部から作られた弩。	Weapon	74	1	3620	WEAPON				1	1,2,4	5,7	武器/弩	Slash	1
180	27	0	1	5		エンシェントショートボウ	森のぬし、巨木トレントの一部から作られた短弓。	Weapon	43	1	3170	WEAPON				1	1,2,4	5,7	武器/短弓	Slash	1
181	27	0	1	5		エンシェントロングボウ	森のぬし、巨木トレントの一部から作られた長弓。	Weapon	61	1	3420	WEAPON				1	1,2,4	5,7	武器/長弓	Slash	1
182	30	0	1	5		トレントワンド	神話の頃から生き続けた老木の一部で作られた短杖。	Weapon	22	1	4280	WEAPON				0	3,6		武器/短杖	Slash	1
183	30	0	1	5		トレントスタッフ	神話の頃から生き続けた老木の一部で作られた杖。	Weapon	51	1	4750	WEAPON				0	3,6		武器/杖	Slash	1
184	30	0	1	5		トレントクラブ	神話の頃から生き続けた老木の一部で作られた棍棒。	Weapon	73	1	4530	WEAPON				0	1,2,4		武器/棍棒	Slash	1
185	30	0	1	5		トレントヘビークロスボウ	神話の頃から生き続けた老木の一部で作られた重弩。	Weapon	103	1	5000	WEAPON				1	1,2,4	5,7	武器/重弩	Slash	1
186	30	0	1	5		トレントクロスボウ	神話の頃から生き続けた老木の一部で作られた弩。	Weapon	88	1	4780	WEAPON				1	1,2,4	5,7	武器/弩	Slash	1
187	30	0	1	5		トレントショートボウ	神話の頃から生き続けた老木の一部で作られた短弓。	Weapon	52	1	4220	WEAPON				1	1,2,4	5,7	武器/短弓	Slash	1
188	30	0	1	5		トレントロングボウ	神話の頃から生き続けた老木の一部で作られた長弓。	Weapon	73	1	4530	WEAPON				1	1,2,4	5,7	武器/長弓	Slash	1
189	33	0	1	5		ミストルティンワンド	善悪の概念を持たない、無垢なる神木から作られた短杖。	Weapon	27	1	5720	WEAPON				0	3,6		武器/短杖	Slash	1
190	33	0	1	5		ミストルティンスタッフ	善悪の概念を持たない、無垢なる神木から作られた杖。	Weapon	62	1	6290	WEAPON				0	3,6		武器/杖	Slash	1
191	33	0	1	5		ミストルティンクラブ	善悪の概念を持たない、無垢なる神木から作られた棍棒。	Weapon	88	1	5990	WEAPON				0	1,2,4		武器/棍棒	Slash	1
192	33	0	1	5		ミストルティンヘビークロスボウ	善悪の概念を持たない、無垢なる神木から作られた重弩。	Weapon	124	1	6600	WEAPON				1	1,2,4	5,7	武器/重弩	Slash	1
193	33	0	1	5		ミストルティンクロスボウ	善悪の概念を持たない、無垢なる神木から作られた弩。	Weapon	106	1	6290	WEAPON				1	1,2,4	5,7	武器/弩	Slash	1
194	33	0	1	5		ミストルティンショートボウ	善悪の概念を持たない、無垢なる神木から作られた短弓。	Weapon	62	1	5550	WEAPON				1	1,2,4	5,7	武器/短弓	Slash	1
195	33	0	1	5		ミストルティンロングボウ	善悪の概念を持たない、無垢なる神木から作られた長弓。	Weapon	88	1	5990	WEAPON				1	1,2,4	5,7	武器/長弓	Slash	1
196	36	0	1	5		セフィロトワンド	神々の国にのみ生息するとされる、命の木から作られた短杖。命を司るとされる力を、命を奪う力に変換して使用する。	Weapon	32	1	7330	WEAPON				0	3,6		武器/短杖	Slash	1
197	36	0	1	5		セフィロトスタッフ	神々の国にのみ生息するとされる、命の木から作られた杖。命を司るとされる力を、命を奪う力に変換して使用する。	Weapon	73	1	8110	WEAPON				0	3,6		武器/杖	Slash	1
198	36	0	1	5		セフィロトクラブ	神々の国にのみ生息するとされる、命の木から作られた棍棒。命を司るとされる力を、命を奪う力に変換して使用する。	Weapon	104	1	7700	WEAPON				0	1,2,4		武器/棍棒	Slash	1
199	36	0	1	5		セフィロトヘビークロスボウ	神々の国にのみ生息するとされる、命の木から作られた重弩。命を司るとされる力を、命を奪う力に変換して使用する。	Weapon	146	1	8480	WEAPON				1	1,2,4	5,7	武器/重弩	Slash	1
200	36	0	1	5		セフィロトクロスボウ	神々の国にのみ生息するとされる、命の木から作られた弩。命を司るとされる力を、命を奪う力に変換して使用する。	Weapon	125	1	8110	WEAPON				1	1,2,4	5,7	武器/弩	Slash	1
201	36	0	1	5		セフィロトショートボウ	神々の国にのみ生息するとされる、命の木から作られた短弓。命を司るとされる力を、命を奪う力に変換して使用する。	Weapon	73	1	7150	WEAPON				1	1,2,4	5,7	武器/短弓	Slash	1
202	36	0	1	5		セフィロトロングボウ	神々の国にのみ生息するとされる、命の木から作られた長弓。命を司るとされる力を、命を奪う力に変換して使用する。	Weapon	104	1	7700	WEAPON				1	1,2,4	5,7	武器/長弓	Slash	1
203	40	0	1	5		ユグドラシルワンド	世界にたった一本しか存在しないと言われる、世界樹の一部から作られた短杖。	Weapon	39	1	10170	WEAPON				0	3,6		武器/短杖	Slash	1
204	40	0	1	5		ユグドラシルスタッフ	世界にたった一本しか存在しないと言われる、世界樹の一部から作られた杖。	Weapon	92	1	11280	WEAPON				0	3,6		武器/杖	Slash	1
205	40	0	1	5		ユグドラシルクラブ	世界にたった一本しか存在しないと言われる、世界樹の一部から作られた棍棒。	Weapon	131	1	10750	WEAPON				0	1,2,4		武器/棍棒	Slash	1
206	40	0	1	5		ユグドラシルヘビークロスボウ	世界にたった一本しか存在しないと言われる、世界樹の一部から作られた重弩。	Weapon	184	1	11850	WEAPON				1	1,2,4	5,7	武器/重弩	Slash	1
207	40	0	1	5		ユグドラシルクロスボウ	世界にたった一本しか存在しないと言われる、世界樹の一部から作られた弩。	Weapon	158	1	11320	WEAPON				1	1,2,4	5,7	武器/弩	Slash	1
208	40	0	1	5		ユグドラシルショートボウ	世界にたった一本しか存在しないと言われる、世界樹の一部から作られた短弓。	Weapon	92	1	9970	WEAPON				1	1,2,4	5,7	武器/短弓	Slash	1
209	40	0	1	5		ユグドラシルロングボウ	世界にたった一本しか存在しないと言われる、世界樹の一部から作られた長弓。	Weapon	131	1	10750	WEAPON				1	1,2,4	5,7	武器/長弓	Slash	1
210	0	0	1	1		ブロンズイヤリング	青銅で作られた耳飾り。魔力の守護により、物理防御力が上昇する。	Accessory	1	1	3	ACCESSORY				0	0		装身具/耳飾り	Slash	1
211	5	0	1	1		アイアンイヤリング	鉄で作られた耳飾り。魔力の守護により、物理防御力が上昇する。	Accessory	5	1	90	ACCESSORY				0	0		装身具/耳飾り	Slash	1
212	10	0	1	1		スティールイヤリング	鋼鉄で作られた耳飾り。魔力の守護により、物理防御力が上昇する。	Accessory	10	1	330	ACCESSORY				0	0		装身具/耳飾り	Slash	1
213	16	0	1	2		クリスタルイヤリング	水晶で作られた耳飾り。魔力の守護により、物理防御力が上昇する。	Accessory	16	1	820	ACCESSORY				0	0		装身具/耳飾り	Slash	1
214	20	0	1	2		ミスリルイヤリング	ミスリル銀で作られた耳飾り。魔力の守護により、物理防御力が上昇する。	Accessory	20	1	1260	ACCESSORY				0	0		装身具/耳飾り	Slash	1
215	24	0	1	3		サファイアイヤリング	サファイアで作られた耳飾り。魔力の守護により、物理防御力が上昇する。	Accessory	24	1	1800	ACCESSORY				0	0		装身具/耳飾り	Slash	1
216	27	0	1	3		アダマントイヤリング	アダマント黒鉄で作られた耳飾り。魔力の守護により、物理防御力が上昇する。	Accessory	27	1	2270	ACCESSORY				0	0		装身具/耳飾り	Slash	1
217	30	0	1	3		ダイアモンドイヤリング	ダイアモンドで作られた耳飾り。魔力の守護により、物理防御力が上昇する。	Accessory	30	1	2790	ACCESSORY				0	0		装身具/耳飾り	Slash	1
218	33	0	1	4		ドラゴンイヤリング	龍の骨で作られた耳飾り。魔力の守護により、物理防御力が上昇する。	Accessory	33	1	3370	ACCESSORY				0	0		装身具/耳飾り	Slash	1
219	36	0	1	4		オリハルコンイヤリング	オリハルコンで作られた耳飾り。魔力の守護により、物理防御力が上昇する。	Accessory	36	1	4000	ACCESSORY				0	0		装身具/耳飾り	Slash	1
220	40	0	1	4		スターイヤリング	異世界の隕鉄で作られた耳飾り。魔力の守護により、物理防御力が上昇する。	Accessory	40	1	4920	ACCESSORY				0	0		装身具/指輪	Slash	1
221	0	0	1	1		ブロンズリング	青銅で作られた指輪。魔力の守護により、物理防御力が上昇する。	Accessory	1	1	3	ACCESSORY				0	0		装身具/指輪	Slash	1
222	5	0	1	1		アイアンリング	鉄で作られた指輪。魔力の守護により、物理防御力が上昇する。	Accessory	5	1	90	ACCESSORY				0	0		装身具/指輪	Slash	1
223	10	0	1	1		スティールリング	鋼鉄で作られた指輪。魔力の守護により、物理防御力が上昇する。	Accessory	10	1	330	ACCESSORY				0	0		装身具/指輪	Slash	1
224	16	0	1	2		クリスタルリング	水晶で作られた指輪。魔力の守護により、物理防御力が上昇する。	Accessory	16	1	820	ACCESSORY				0	0		装身具/指輪	Slash	1
225	20	0	1	2		ミスリルリング	ミスリル銀で作られた指輪。魔力の守護により、物理防御力が上昇する。	Accessory	20	1	1260	ACCESSORY				0	0		装身具/指輪	Slash	1
226	24	0	1	3		サファイアリング	サファイアで作られた指輪。魔力の守護により、物理防御力が上昇する。	Accessory	24	1	1800	ACCESSORY				0	0		装身具/指輪	Slash	1
227	27	0	1	3		アダマントリング	アダマント黒鉄で作られた指輪。魔力の守護により、物理防御力が上昇する。	Accessory	27	1	2270	ACCESSORY				0	0		装身具/指輪	Slash	1
228	30	0	1	3		ダイアモンドリング	ダイアモンドで作られた指輪。魔力の守護により、物理防御力が上昇する。	Accessory	30	1	2790	ACCESSORY				0	0		装身具/指輪	Slash	1
229	33	0	1	4		ドラゴンリング	龍の骨で作られた指輪。魔力の守護により、物理防御力が上昇する。	Accessory	33	1	3370	ACCESSORY				0	0		装身具/指輪	Slash	1
230	36	0	1	4		オリハルコンリング	オリハルコンで作られた指輪。魔力の守護により、物理防御力が上昇する。	Accessory	36	1	4000	ACCESSORY				0	0		装身具/指輪	Slash	1
231	40	0	1	4		スターリング	異世界の隕鉄で作られた指輪。魔力の守護により、物理防御力が上昇する。	Accessory	40	1	4920	ACCESSORY				0	0		装身具/指輪	Slash	1
232	0	0	1	1		クロースベルト	布で作られたベルト。魔力と神秘の護りにより、物理・魔法防御力が上昇する。	Accessory	0	1	3	ACCESSORY				0	0		装身具/ベルト	Slash	1
233	5	0	1	1		レザーベルト	皮で作られたベルト。魔力と神秘の護りにより、物理・魔法防御力が上昇する。	Accessory	2	1	110	ACCESSORY				0	0		装身具/ベルト	Slash	1
234	10	0	1	1		コンポジットベルト	合成皮で作られたベルト。魔力と神秘の護りにより、物理・魔法防御力が上昇する。	Accessory	5	1	370	ACCESSORY				0	0		装身具/ベルト	Slash	1
235	16	0	1	2		リザードベルト	亜竜種の皮で作られたベルト。魔力と神秘の護りにより、物理・魔法防御力が上昇する。	Accessory	8	1	870	ACCESSORY				0	0		装身具/ベルト	Slash	1
236	20	0	1	2		スパイダーベルト	巨大蜘蛛の糸で作られたベルト。魔力と神秘の護りにより、物理・魔法防御力が上昇する。	Accessory	10	1	1330	ACCESSORY				0	0		装身具/ベルト	Slash	1
237	24	0	1	3		エルブンベルト	エルフ秘伝の製法で作られたベルト。魔力と神秘の護りにより、物理・魔法防御力が上昇する。	Accessory	12	1	1950	ACCESSORY				0	0		装身具/ベルト	Slash	1
238	27	0	1	3		ビーストベルト	魔獣の皮で作られたベルト。魔力と神秘の護りにより、物理・魔法防御力が上昇する。	Accessory	13	1	2440	ACCESSORY				0	0		装身具/ベルト	Slash	1
239	30	0	1	3		フェアリーベルト	妖精の秘法で作られたベルト。魔力と神秘の護りにより、物理・魔法防御力が上昇する。	Accessory	15	1	2980	ACCESSORY				0	0		装身具/ベルト	Slash	1
240	33	0	1	4		ドライダーベルト	蜘蛛の女王の糸で作られたベルト。魔力と神秘の護りにより、物理・魔法防御力が上昇する。	Accessory	16	1	3570	ACCESSORY				0	0		装身具/ベルト	Slash	1
241	36	0	1	4		バグワームベルト	巨大な蓑虫の糸で作られたベルト。魔力と神秘の護りにより、物理・魔法防御力が上昇する。	Accessory	18	1	4220	ACCESSORY				0	0		装身具/ベルト	Slash	1
242	40	0	1	4		ゴッドクロースベルト	神々が着用すると伝えられるベルト。魔力と神秘の護りにより、物理・魔法防御力が上昇する。	Accessory	20	1	5170	ACCESSORY				0	0		装身具/ベルト	Slash	1
243	0	0	1	1		クロースバングル	布で作られた腕輪。魔力と神秘の護りにより、物理・魔法防御力が上昇する。	Accessory	0	1	3	ACCESSORY				0	0		装身具/腕輪	Slash	1
244	5	0	1	1		レザーバングル	皮で作られた腕輪。魔力と神秘の護りにより、物理・魔法防御力が上昇する。	Accessory	3	1	110	ACCESSORY				0	0		装身具/腕輪	Slash	1
245	10	0	1	1		コンポジットバングル	合成皮で作られた腕輪。魔力と神秘の護りにより、物理・魔法防御力が上昇する。	Accessory	5	1	370	ACCESSORY				0	0		装身具/腕輪	Slash	1
246	16	0	1	2		リザードバングル	亜竜種の皮で作られた腕輪。魔力と神秘の護りにより、物理・魔法防御力が上昇する。	Accessory	8	1	870	ACCESSORY				0	0		装身具/腕輪	Slash	1
247	20	0	1	2		スパイダーバングル	巨大蜘蛛の糸で作られた腕輪。魔力と神秘の護りにより、物理・魔法防御力が上昇する。	Accessory	10	1	1330	ACCESSORY				0	0		装身具/腕輪	Slash	1
248	24	0	1	3		エルブンバングル	エルフ秘伝の製法で作られた腕輪。魔力と神秘の護りにより、物理・魔法防御力が上昇する。	Accessory	12	1	1950	ACCESSORY				0	0		装身具/腕輪	Slash	1
249	27	0	1	3		ビーストバングル	魔獣の皮で作られた腕輪。魔力と神秘の護りにより、物理・魔法防御力が上昇する。	Accessory	14	1	2440	ACCESSORY				0	0		装身具/腕輪	Slash	1
250	30	0	1	3		フェアリーバングル	妖精の秘法で作られた腕輪。魔力と神秘の護りにより、物理・魔法防御力が上昇する。	Accessory	15	1	2980	ACCESSORY				0	0		装身具/腕輪	Slash	1
251	33	0	1	4		ドライダーバングル	蜘蛛の女王の糸で作られた腕輪。魔力と神秘の護りにより、物理・魔法防御力が上昇する。	Accessory	17	1	3570	ACCESSORY				0	0		装身具/腕輪	Slash	1
252	36	0	1	4		バグワームバングル	巨大な蓑虫の糸で作られた腕輪。魔力と神秘の護りにより、物理・魔法防御力が上昇する。	Accessory	18	1	4220	ACCESSORY				0	0		装身具/腕輪	Slash	1
253	40	0	1	4		ゴッドクロースバングル	神々が着用すると伝えられる腕輪。魔力と神秘の護りにより、物理・魔法防御力が上昇する。	Accessory	20	1	5170	ACCESSORY				0	0		装身具/腕輪	Slash	1
254	0	0	1	1		オークアミュレット	楢や樫などで作られた護符。神秘の加護により、魔法防御力が上昇する。	Accessory	0	1	3	ACCESSORY				0	0		装身具/護符	Slash	1
255	5	0	1	1		ウリンアミュレット	ウリン木材で作られた護符。神秘の加護により、魔法防御力が上昇する。	Accessory	0	1	110	ACCESSORY				0	0		装身具/護符	Slash	1
256	10	0	1	1		エボニーアミュレット	黒檀で作られた護符。神秘の加護により、魔法防御力が上昇する。	Accessory	0	1	400	ACCESSORY				0	0		装身具/護符	Slash	1
257	16	0	1	2		ロートスアミュレット	食人木で作られた護符。神秘の加護により、魔法防御力が上昇する。	Accessory	0	1	1020	ACCESSORY				0	0		装身具/護符	Slash	1
258	20	0	1	2		トレントアミュレット	霊木から作られた護符。神秘の加護により、魔法防御力が上昇する。	Accessory	0	1	1520	ACCESSORY				0	0		装身具/護符	Slash	1
259	24	0	1	3		マンイーターアミュレット	ロートスの木から作られた護符。神秘の加護により、魔法防御力が上昇する。	Accessory	0	1	2180	ACCESSORY				0	0		装身具/護符	Slash	1
260	27	0	1	3		エンシェントアミュレット	巨木トレントの一部から作られた護符。神秘の加護により、魔法防御力が上昇する。	Accessory	0	1	2780	ACCESSORY				0	0		装身具/護符	Slash	1
261	30	0	1	3		ドライアドアミュレット	老木の一部で作られた護符。神秘の加護により、魔法防御力が上昇する。	Accessory	0	1	3350	ACCESSORY				0	0		装身具/護符	Slash	1
262	33	0	1	4		ミストルティンアミュレット	神木から作られた護符。神秘の加護により、魔法防御力が上昇する。	Accessory	0	1	4080	ACCESSORY				0	0		装身具/護符	Slash	1
263	36	0	1	4		セフィロトアミュレット	命の木から作られた護符。神秘の加護により、魔法防御力が上昇する。	Accessory	0	1	4890	ACCESSORY				0	0		装身具/護符	Slash	1
264	40	0	1	4		ユグドラシルアミュレット	世界樹の一部から作られた護符。神秘の加護により、魔法防御力が上昇する。	Accessory	0	1	5910	ACCESSORY				0	0		装身具/護符	Slash	1
265	0	0	0	0		キュアハーブ	傷に効く天然素材を集めて作られた自然の薬。HPが少し回復する。	Potion	40	1	10	CONSUMABLE	HEAL	Heal	potion	2	-1		回復/HP	Slash	9
266	7	0	0	0		ヒールポーション	錬金術によって精製された薬品。HPが回復する。	Potion	100	1	40	CONSUMABLE	HEAL	Heal	potion	2	-1		回復/HP	Slash	9
267	17	0	0	0		仙丹	仙人が服用すると言われる丸薬。HPがやや大きく回復する。	Potion	220	1	150	CONSUMABLE	HEAL	Heal	potion	2	-1		回復/HP	Slash	9
268	30	0	0	0		エリクサー	人類の英知が生み出した癒しの結晶。あまりに価値が高いため、観賞用となることも多いとか。HPが大きく回復する。	Potion	500	1	400	CONSUMABLE	HEAL	Heal	potion	2	-1		回復/HP	Slash	9
269	42	0	0	0		アムリタ	飲めば不老不死になれるとまで伝えられる神の薬。HPが極めて大きく回復し、毒と麻痺を回復させる。	Potion	1000	1	1000	CONSUMABLE	HEAL	Heal	potion	2	-1		回復/HP	Slash	9
270	48	0	0	0		エリクサー・オブ・ウィッツ	ウィッツという名の医師が開発した謎の薬品。彼はその製法を決して語らなかったという。今では精製できない幻の薬。HP・ステータス異常が全快する。	Potion	9999	1	2000	CONSUMABLE	HEAL	Heal	potion	2	-1		回復/HP	Slash	9
271	0	0	0	0		解毒剤	毒を解除し、低下した耐久力と生命力を回復させる。※低下したHPは回復しない。	Potion	0	1	20	CONSUMABLE	HEAL	Heal	potion	2	-1		回復/毒	Slash	9
272	0	0	0	0		麻痺消し薬	麻痺を解除し、低下した強靭力と敏捷を回復させる。	Potion	0	1	20	CONSUMABLE	HEAL	Heal	potion	2	-1		回復/麻痺	Slash	9
273	0	0	0	0		聖水	呪いを解除し、低下した魔力と精神力を回復させる。	Potion	0	1	20	CONSUMABLE	HEAL	Heal	potion	2	-1		回復/呪い	Slash	9
277	0	0	0	0		古びたコイン	錆びて泥だらけのコイン	Moneybag	0	1	10	MATERIAL				0	-1		宝/売却用アイテム	Slash	9
278	45	0	0	0		少年の黒歴史ノート	少年が黒い邪神に取り憑かれた苦悩と衝動について書き綴られている	Moneybag	0	1	2035	MATERIAL				0	-1		宝/売却用アイテム	Slash	9
279	45	0	0	0		自作ポエム	とある名も無き詩人が綴った詩。切ない恋と淡い痛みが記されている。	Moneybag	0	1	2035	MATERIAL				0	-1		宝/売却用アイテム	Slash	9
280	20	0	0	0		壊れた基盤	壊れた型落ちの基盤。かつては最新版として活躍していたに違いない。	Moneybag	0	1	410	MATERIAL				0	-1		宝/売却用アイテム	Slash	9
281	15	0	0	0		錆びた手錠	錆びて壊れた手錠。何に使われていたのかは不明。	Moneybag	0	1	235	MATERIAL				0	-1		宝/売却用アイテム	Slash	9
282	0	0	0	0		折れた剣	刃の中ほどで折れた剣。その戦いの激しさを物語る。	Moneybag	0	1	10	MATERIAL				0	-1		宝/売却用アイテム	Slash	9
283	20	0	0	0		はがれたステッカー	もはや粘着力も無くなったステッカー。何とも言えない懐かしさが漂う。	Moneybag	0	1	410	MATERIAL				0	-1		宝/売却用アイテム	Slash	9
284	25	0	0	0		ラムネのビー玉	空に掲げると宝石よりも輝く光の玉。少年少女たちの宝物。	Moneybag	0	1	635	MATERIAL				0	-1		宝/売却用アイテム	Slash	9
285	30	0	0	0		作りかけのボトルシップ	ボトルの中で作られた大人の芸術。一つの物を作り上げる難しさを教えてくれる。	Moneybag	0	1	910	MATERIAL				0	-1		宝/売却用アイテム	Slash	9
286	20	0	0	0		壊れたメガネ	ツルの折れたメガネ。毎日同じものを見てきた物との別れの哀愁。	Moneybag	0	1	410	MATERIAL				0	-1		宝/売却用アイテム	Slash	9
287	30	0	0	0		矢の刺さった膝当て	全ての元冒険者が付けていたという膝当て。冒険者を衛兵にクラスチェンジさせるという。	Moneybag	0	1	910	MATERIAL				0	-1		宝/売却用アイテム	Slash	9
288	15	0	0	0		不発の花火	花を咲かせなかった花火。とはいえ危険には変わらない。取扱い注意。	Moneybag	0	1	235	MATERIAL				0	-1		宝/売却用アイテム	Slash	9
289	5	0	0	0		片っぽだけのクツ	何があったのか、片方だけになった靴。この靴が片割れに再会することはあるのか。	Moneybag	0	1	35	MATERIAL				0	-1		宝/売却用アイテム	Slash	9
290	5	0	0	0		股の裂けたズボン	身近に潜む悲劇。心と人間の尊厳を失いかねない危険な服。	Moneybag	0	1	35	MATERIAL				0	-1		宝/売却用アイテム	Slash	9
291	10	0	0	0		傷だらけのディスク	何も読み込んではくれない、傷だらけのディスク。カラスよけに使われたりする。	Moneybag	0	1	110	MATERIAL				0	-1		宝/売却用アイテム	Slash	9
292	10	0	0	0		インクの出ないペン	インクがペン先で固まり、もはや刺突武器にしかならないペン。	Moneybag	0	1	110	MATERIAL				0	-1		宝/売却用アイテム	Slash	9
293	35	0	0	0		劇場の割引券	何かのオマケでついてくる割引券。行く気にさせるには微妙な値引き額。	Moneybag	0	1	1235	MATERIAL				0	-1		宝/売却用アイテム	Slash	9
294	5	0	0	0		曲がったスプーン	根本で折れたスプーン。何らかの超魔術によって折られたのだろうか？	Moneybag	0	1	35	MATERIAL				0	-1		宝/売却用アイテム	Slash	9
295	25	0	0	0		外れた車輪	外れてホイールが錆びた車輪。思わぬ事態に備えることの大切さを教えてくれる。	Moneybag	0	1	635	MATERIAL				0	-1		宝/売却用アイテム	Slash	9
296	10	0	0	0		穴の開いたボール	穴が空いてべしゃんこになったボール。役目を無事終えた誇り高さが感じられる。	Moneybag	0	1	110	MATERIAL				0	-1		宝/売却用アイテム	Slash	9
297	35	0	0	0		素人が描いた風景画	定年後の老人が趣味で描いた風景画。飾るには少し微妙。	Moneybag	0	1	1235	MATERIAL				0	-1		宝/売却用アイテム	Slash	9
298	20	0	0	0		雨に濡れた古雑誌	役目を終えて打ち捨てられた雑誌。使い捨てられた悲しさを物語る。	Moneybag	0	1	410	MATERIAL				0	-1		宝/売却用アイテム	Slash	9
299	40	0	0	0		用途不明のケーブル	何のケーブルだったのか思い出せない、けれど捨てられない。人間の執着の象徴。	Moneybag	0	1	1610	MATERIAL				0	-1		宝/売却用アイテム	Slash	9
300	40	0	0	0		夜店のハズレおもちゃ	決して当たりは無いと理解しつつも、果敢に挑んだ挑戦者達が得た夏の思い出。	Moneybag	0	1	1610	MATERIAL				0	-1		宝/売却用アイテム	Slash	9
301	10	0	0	0		サイズが合わないネジ	どこに使えるのか分からない、微妙な大きさのネジ。個性主義の弊害。	Moneybag	0	1	110	MATERIAL				0	-1		宝/売却用アイテム	Slash	9
302	0	0	0	0		腐った木の盾	どんな槍でも通すと思われる腐った木の盾。命知らず専用。	Moneybag	0	1	10	MATERIAL				0	-1		宝/売却用アイテム	Slash	9
303	30	0	0	0		犬用フルプレートアーマー	愛犬に対する並々ならぬ保護愛が感じられる犬用の鎧。犬の機敏さを完全に封じる。	Moneybag	0	1	910	MATERIAL				0	-1		宝/売却用アイテム	Slash	9
304	5	0	0	0		鳴らないオルゴール	演奏を止めた音の小箱。かつての名曲は古い記憶の中でだけ響き続ける。	Moneybag	0	1	35	MATERIAL				0	-1		宝/売却用アイテム	Slash	9
305	0	0	0	0		弦の切れたハープ	どんな演奏家もこの楽器では奏でられない。あるいは天才なら……？	Moneybag	0	1	10	MATERIAL				0	-1		宝/売却用アイテム	Slash	9
306	25	0	0	0		開かない傘	冷たい雨から主を守り、力尽きた傘。時には忘れられても、役目は変わらない。	Moneybag	0	1	635	MATERIAL				0	-1		宝/売却用アイテム	Slash	9
307	35	0	0	0		鍵の無い錠前	対になる鍵が失われた錠前。鍵をかけると開かずの鍵となり、迷惑。	Moneybag	0	1	1235	MATERIAL				0	-1		宝/売却用アイテム	Slash	9
308	45	0	0	0		暴れん坊の武勇伝帳	「昔は俺も悪かった」から始まる武勇伝。現在は立派な人物だと本人は称する。	Moneybag	0	1	2035	MATERIAL				0	-1		宝/売却用アイテム	Slash	9
309	15	0	0	0		パンクしたタイヤ	穴が開いているゴムチューブ。工夫すればまだまだ用途がある。	Moneybag	0	1	235	MATERIAL				0	-1		宝/売却用アイテム	Slash	9
310	40	0	0	0		清涼飲料のキャップ	別名王冠。もし世界が荒廃していたら通貨として使われるかもしれない。	Moneybag	0	1	1610	MATERIAL				0	-1		宝/売却用アイテム	Slash	9
